formula,actual,predicted,elements,residual
Na2Be4B4O11,0.9,1.4159621536547728,'Na' 'Be' 'B' 'O',-0.5159621536547728
Be3N2,2.35,2.0364969115256857,'Be' 'N',0.3135030884743144
Sr2Be2B2O7,5.0,4.158358752799255,'Sr' 'Be' 'B' 'O',0.8416412472007453
BeSe,0.64,1.1680746242388222,'Be' 'Se',-0.5280746242388222
BeS,0.35,0.26731671154758097,'Be' 'S',0.08268328845241901
BeO,0.09,0.0944448982210293,'Be' 'O',-0.0044448982210293095
Be3Sb2,0.67,1.2288768856660646,'Be' 'Sb',-0.5588768856660645
BeTe,2.89,2.6650995467371352,'Be' 'Te',0.2249004532628649
LaBeB3O7,5.65,6.231128601483501,'La' 'Be' 'B' 'O',-0.5811286014835009
