formula,actual,predicted,elements,residual
GaTc,0.6666666666666666,0.428246573164051,"['Ga', 'Tc']",0.2384200935026156
TcS2,1.26,1.854971530424362,"['Tc', 'S']",-0.5949715304243619
TcSe2,1.72,2.1932077078302354,"['Tc', 'Se']",-0.4732077078302354
ZnTc,2.96,2.695294424748072,"['Zn', 'Tc']",0.2647055752519281
