formula,actual,predicted,elements,residual
Cu3TmTe3,2.26,2.564527952295092,'Cu' 'Tm' 'Te',-0.30452795229509233
Tm2O3,0.235,0.37303388417391226,'Tm' 'O',-0.13803388417391227
EuTm2Se4,1.26,1.5339778033304352,'Eu' 'Tm' 'Se',-0.2739778033304352
Tm4Sb2Se11.68,1.52,1.5755498463164086,'Tm' 'Sb' 'Se',-0.05554984631640858
TmAs,1.8,1.6012376064868032,'Tm' 'As',0.1987623935131968
CsTm9Cd4Se18,2.16,1.9536325623473625,'Cs' 'Tm' 'Cd' 'Se',0.20636743765263765
