formula,actual,predicted,elements,residual
Hg4As2UCl6,3.8,3.964999647518991,"['Hg', 'As', 'U', 'Cl']",-0.1649996475189912
UY4O3S5,1.22,0.7157914758538455,"['U', 'Y', 'O', 'S']",0.5042085241461545
KUO3Cl,4.84,3.781259675727489,"['K', 'U', 'O', 'Cl']",1.0587403242725109
UO2,3.65,3.2761982254227915,"['U', 'O']",0.3738017745772084
BaUSe3,1.0,1.262960406621846,"['Ba', 'U', 'Se']",-0.26296040662184605
Hg3Te2UCl6,3.29,3.4963843907355443,"['Hg', 'Te', 'U', 'Cl']",-0.20638439073554427
UO,1.5,1.3267797322509092,"['U', 'O']",0.17322026774909086
UP2S7,1.41,2.1158158263933693,"['U', 'P', 'S']",-0.7058158263933694
UP2S9,1.41,2.241468010065628,"['U', 'P', 'S']",-0.8314680100656282
